GROUP,PACKAGE,CLASS,INSTRUCTION_MISSED,INSTRUCTION_COVERED,BRANCH_MISSED,BRANCH_COVERED,LINE_MISSED,LINE_COVERED,COMPLEXITY_MISSED,COMPLEXITY_COVERED,METHOD_MISSED,METHOD_COVERED
Orderflow Analytics,com.restaurant.aplicacion.excepcion,ReglaNegocioException,0,4,0,0,0,2,0,1,0,1
Orderflow Analytics,com.restaurant.aplicacion.excepcion,RecursoNoEncontradoException,0,4,0,0,0,2,0,1,0,1
Orderflow Analytics,com.restaurant.dominio.cuenta,Personas,7,53,3,11,1,11,3,5,0,1
Orderflow Analytics,com.restaurant.dominio.cuenta,ParteCuenta,0,24,0,0,0,4,0,2,0,2
Orderflow Analytics,com.restaurant.dominio.cuenta,DivisionCuenta,0,61,1,3,0,8,1,3,0,2
Orderflow Analytics,com.restaurant.dominio.cuenta,DivisionPorConsumo,7,339,8,30,1,57,8,17,0,6
Orderflow Analytics,com.restaurant.dominio.cuenta,DivisionIgualitaria,0,89,0,8,0,17,0,8,0,4
Orderflow Analytics,com.restaurant.dominio.cuenta,Repartidor,0,187,2,18,0,36,2,12,0,4
Orderflow Analytics,com.restaurant.dominio.cuenta,DivisorCuenta,5,174,3,19,1,27,3,9,0,1
Orderflow Analytics,com.restaurant.dominio.cuenta,DivisionPorPorcentaje,5,139,3,11,1,24,3,8,0,4
Orderflow Analytics,com.restaurant.aplicacion.casodeuso,LineaSolicitada,0,9,0,0,0,1,0,1,0,1
Orderflow Analytics,com.restaurant.aplicacion.casodeuso,ControlInventario.new ControlInventario() {...},0,5,0,0,0,3,0,3,0,3
Orderflow Analytics,com.restaurant.aplicacion.casodeuso,GestorPedidos,5,418,3,21,1,91,3,35,0,26
Orderflow Analytics,com.restaurant.aplicacion.casodeuso,ServicioAnalitica.PanelAnalitico,0,15,0,0,0,1,0,1,0,1
Orderflow Analytics,com.restaurant.aplicacion.casodeuso,ServicioAnalitica,0,215,1,19,0,39,1,15,0,6
Orderflow Analytics,com.restaurant.aplicacion.casodeuso,ServicioAnalitica.EnCache,0,9,0,0,0,1,0,1,0,1
Orderflow Analytics,com.restaurant.aplicacion.casodeuso,ServicioInventario,20,383,8,30,4,69,8,30,0,19
Orderflow Analytics,com.restaurant.aplicacion.casodeuso,ServicioCuenta,0,33,0,0,0,8,0,3,0,3
Orderflow Analytics,com.restaurant.aplicacion.casodeuso,ControlInventario,0,5,0,0,0,1,0,1,0,1
Orderflow Analytics,com.restaurant.dominio.modelo,Plato,30,65,2,10,3,18,4,10,2,6
Orderflow Analytics,com.restaurant.dominio.modelo,Pedido,6,322,1,28,2,86,2,38,1,23
Orderflow Analytics,com.restaurant.dominio.modelo,ItemPedido,0,49,0,6,0,12,0,8,0,5
Orderflow Analytics,com.restaurant.dominio.inventario,MovimientoInventario,27,0,0,0,1,0,1,0,1,0
Orderflow Analytics,com.restaurant.dominio.inventario,StockInsuficienteException.Faltante,0,32,0,0,0,3,0,2,0,2
Orderflow Analytics,com.restaurant.dominio.inventario,TipoMovimiento,0,33,0,0,0,6,0,1,0,1
Orderflow Analytics,com.restaurant.dominio.inventario,UnidadMedida,0,35,0,0,0,8,0,3,0,3
Orderflow Analytics,com.restaurant.dominio.inventario,CalculadoraConsumo,2,80,1,7,0,14,1,6,0,3
Orderflow Analytics,com.restaurant.dominio.inventario,Receta,3,97,3,11,1,20,4,9,1,5
Orderflow Analytics,com.restaurant.dominio.inventario,Ingrediente,15,150,2,22,3,33,5,19,3,9
Orderflow Analytics,com.restaurant.dominio.inventario,StockInsuficienteException,0,19,0,0,0,5,0,2,0,2
Orderflow Analytics,com.restaurant.dominio.inventario,PoliticaDevolucion,0,22,0,6,0,5,0,4,0,1
Orderflow Analytics,com.restaurant.aplicacion.puerto.salida,InventarioRepositorio.Motivo,0,15,0,0,0,1,0,1,0,1
Orderflow Analytics,com.restaurant.dominio.reportes,ReporteService,0,7,0,0,0,2,0,2,0,2
Orderflow Analytics,com.restaurant.dominio.reportes,ReportePlatosMenosPedidos,0,14,0,0,0,3,0,2,0,2
Orderflow Analytics,com.restaurant.dominio.reportes,Reporte,14,86,2,4,1,11,2,5,0,4
Orderflow Analytics,com.restaurant.dominio.reportes,ReportePlatosMasPedidos,0,91,0,8,0,19,0,9,0,5
Orderflow Analytics,com.restaurant.dominio.reportes,Periodo,6,81,0,7,2,15,2,9,2,5
Orderflow Analytics,com.restaurant.dominio.reportes,ReporteVentasPorHora,0,85,0,6,0,16,0,5,0,2
Orderflow Analytics,com.restaurant.dominio.reportes,ReporteIngresosPorCategoria,4,93,2,8,2,17,2,8,0,4
Orderflow Analytics,com.restaurant.dominio.reportes,ReporteTiempoPromedio,0,99,0,8,0,20,0,7,0,3
Orderflow Analytics,com.restaurant.dominio.reportes,Indicadores,0,126,1,12,0,22,1,8,0,2
Orderflow Analytics,com.restaurant.dominio.reportes,Reporte.Dato,0,9,0,0,0,1,0,1,0,1
Orderflow Analytics,com.restaurant.dominio.reportes,ReportePedidosPorEstado,0,75,0,4,0,11,0,7,0,5
Orderflow Analytics,com.restaurant.dominio.fabrica,PlatoFactory,6,44,1,6,1,7,1,5,0,1
Orderflow Analytics,com.restaurant.dominio.fabrica,TipoPlato,0,27,0,0,0,5,0,1,0,1
Orderflow Analytics,com.restaurant.dominio.estado,EstadosPedido,0,41,0,8,0,9,0,7,0,1
Orderflow Analytics,com.restaurant.dominio.estado,EstadoListo,0,11,0,0,0,4,0,3,0,3
Orderflow Analytics,com.restaurant.dominio.estado,EstadoCreado,0,11,0,0,0,4,0,3,0,3
Orderflow Analytics,com.restaurant.dominio.estado,EstadoEntregado,0,8,0,0,0,4,0,4,0,4
Orderflow Analytics,com.restaurant.dominio.estado,EstadoCancelado,1,7,0,0,1,3,1,3,1,3
Orderflow Analytics,com.restaurant.dominio.estado,EstadoEnPreparacion,0,11,0,0,0,4,0,3,0,3
Orderflow Analytics,com.restaurant.dominio.estado,EstadoPedido,0,2,0,0,0,1,0,1,0,1
